124240293,39000,https://salt.tikicdn.com/cache/w300/ts/product/9d/2b/a8/3cf49ff80e89258935048c18f7481188.jpg
117573855,99000,https://salt.tikicdn.com/cache/w300/ts/product/ad/1a/fd/c2988ed8f28d346165e9db34bf375f3f.jpg
117177201,75000,https://salt.tikicdn.com/cache/w300/ts/product/7b/5a/c5/2741dbabba4df967f8bcdb705cdc7ded.jpg
66580038,99000,https://salt.tikicdn.com/cache/w300/ts/product/d3/9e/1a/048ea6ebbbff77123a6397598565b268.jpg
41066480,169000,https://salt.tikicdn.com/cache/w300/ts/product/be/5e/fd/e70bb2c219ac2c3b179ff42117dc5a9a.jpg
50784084,99000,https://salt.tikicdn.com/cache/w300/ts/product/51/52/58/d360804cb41d04fe6be50505f3c478f3.jpg
249372847,239200,https://salt.tikicdn.com/cache/w300/ts/product/4d/2c/7e/be20d5adc42d6ce0b67806157e98f56b.jpg
141561352,190000,https://salt.tikicdn.com/cache/w300/ts/product/4e/14/e1/a6d655fbd8e511996d9c3d556caa5bda.jpg
136091186,120000,https://salt.tikicdn.com/cache/w300/ts/product/57/3b/4c/22dd57dce52a049b8e03f836f9e67388.jpg
113475777,95000,https://salt.tikicdn.com/cache/w300/ts/product/ad/1a/fd/9c3c5268affbce222590a5d0c99dc2ae.jpg
108404382,155000,https://salt.tikicdn.com/cache/w300/ts/product/ad/1a/fd/bb32e9808e4690c57c44f99ddc920ac6.jpg
141259115,89000,https://salt.tikicdn.com/cache/w300/ts/product/03/ea/97/774e1fe432263d177093b35450afc3cd.jpg
131418783,199000,https://salt.tikicdn.com/cache/w300/ts/product/90/8d/40/61ecd7f4c5635b0ab7691c21b88e5b29.jpg
176021614,399000,https://salt.tikicdn.com/cache/w300/ts/product/1d/47/ab/3a06761734aa17681677bbdd7baa0d26.jpg
155271469,199000,https://salt.tikicdn.com/cache/w300/ts/product/77/95/74/6152ccf8ef6c4785c63becb8d2878901.jpg
99698447,89000,https://salt.tikicdn.com/cache/w300/ts/product/a4/06/94/68373f35164bf6ac1a589d72234eeb14.jpg
78032841,85000,https://salt.tikicdn.com/cache/w300/ts/product/0c/e2/55/2e903b0f9b5a5a9769961aeb6f4d648d.JPG
73528648,579000,https://salt.tikicdn.com/cache/w300/ts/product/f5/e4/c4/d0eeca246c643b5d13127bdaeafe0564.jpg
73529278,560000,https://salt.tikicdn.com/cache/w300/ts/product/6f/a9/5d/786aa79a640df340acb5db687fd68d0c.jpg
197894187,65000,https://salt.tikicdn.com/cache/w300/ts/product/ea/72/33/a1a3e4415803486571db36ec9faa1abe.png
193920267,59000,https://salt.tikicdn.com/cache/w300/ts/product/70/48/f5/d5e417224439e4fabb1fe0025e454fb5.png
165212534,89000,https://salt.tikicdn.com/cache/w300/ts/product/1e/2a/02/bf181d45bfb21725201eff5609282716.jpg
165211929,89000,https://salt.tikicdn.com/cache/w300/ts/product/45/9e/27/abd60606515fa04febcb5b58c1c2c33e.jpg
106765137,89000,https://salt.tikicdn.com/cache/w300/ts/product/d5/5a/27/9dedb3f41cea42c4089bb35e283adab2.jpg
106756612,89000,https://salt.tikicdn.com/cache/w300/ts/product/84/56/55/399551453461ca94f7273bf865b85760.jpg
106753082,89000,https://salt.tikicdn.com/cache/w300/ts/product/07/f2/15/6f0c650ad88b734473a8dd580ba2c301.jpg
87616279,383000,https://salt.tikicdn.com/cache/w300/ts/product/79/a9/88/76e95804c6a6e815441f15f1af84317f.jpg
84487723,49000,https://salt.tikicdn.com/cache/w300/ts/product/39/3c/fa/d4b444be91bea91312407837c28b4481.jpg
74421965,609000,https://salt.tikicdn.com/cache/w300/ts/product/9b/d3/ca/4111a95b3085f44136ac0c432708934a.jpg
1921281,283000,https://salt.tikicdn.com/cache/w300/ts/product/a7/0f/ba/16df73d9e904cc861ab346d3ef07eadb.png
166531902,119000,https://salt.tikicdn.com/cache/w300/ts/product/1a/ba/e9/961f9af2de3722227d3b33bb5797655f.jpg
146260060,115000,https://salt.tikicdn.com/cache/w300/ts/product/60/6a/0c/a083a10416c6a1530bc9ed001776b3ab.jpg
97719473,89000,https://salt.tikicdn.com/cache/w300/ts/product/96/45/ec/7be8f9559e05396b2528a42eeb263c15.jpg
83907537,69000,https://salt.tikicdn.com/cache/w300/ts/product/9d/52/d8/dad1c1ef7583a5d126f760083cbc3890.jpg
83812939,89000,https://salt.tikicdn.com/cache/w300/ts/product/6f/06/49/8df37ae4eeed3a0732dbe47ddfc616d9.jpg
83765673,59000,https://salt.tikicdn.com/cache/w300/ts/product/e2/88/80/59680d9a5981708850551dd21418f7d3.jpg
82874281,69000,https://salt.tikicdn.com/cache/w300/ts/product/32/97/e4/bda686d084c0587c06504a0b039272af.jpg
51020524,40000,https://salt.tikicdn.com/cache/w300/ts/product/bc/27/21/e3da1ce66e7e3582f2ede74e5bc0ea42.jpg
167433161,105000,https://salt.tikicdn.com/cache/w300/ts/product/f2/05/b4/8e95eb4e07f724ad49320434dc6da32a.jpg
166530485,59000,https://salt.tikicdn.com/cache/w300/ts/product/88/f7/01/55dc56f0e7c2026881f8fdc18c04ac73.jpg
107056518,239000,https://salt.tikicdn.com/cache/w300/ts/product/59/a7/f7/8eff7588efa49e7e6df7593d7ff25cde.jpg
84574514,89000,https://salt.tikicdn.com/cache/w300/ts/product/f9/0d/6a/ce375a9315ebfded0ca1c12061e450f5.jpg
84551549,99000,https://salt.tikicdn.com/cache/w300/ts/product/47/71/26/09c88e917399fc3e0d8dbbca724aced7.jpg
59462352,90000,https://salt.tikicdn.com/cache/w300/ts/product/0b/c5/06/90022aa27673d07d6ba6267c0867624e.jpg
21129395,239000,https://salt.tikicdn.com/cache/w300/ts/product/30/93/d5/0d9bef0c59f3786f0595bb3b42e200c0.png
1818717,775000,https://salt.tikicdn.com/cache/w300/ts/product/3b/47/32/f36117a4cbbc18957505241fd9cf9103.jpg
106782807,69000,https://salt.tikicdn.com/cache/w300/ts/product/ae/e0/13/c7f9cdead4a2ae04c8e76b0035e5b05d.jpg
84821625,175000,https://salt.tikicdn.com/cache/w300/ts/product/a8/3b/87/51d923bb077f4506c676718c8bb6df79.jpg
106750367,89000,https://salt.tikicdn.com/cache/w300/ts/product/bc/d0/08/7f240aa4b1ae7fc1a7c0b815acd50235.jpg
106002718,89000,https://salt.tikicdn.com/cache/w300/ts/product/6c/18/e6/825fcc95c6b263cdd384e538f93049bf.jpg
100750559,245000,https://salt.tikicdn.com/cache/w300/ts/product/ae/b5/1a/846996d120c0160a67b7d85939cd6033.jpg
84446029,99000,https://salt.tikicdn.com/cache/w300/ts/product/4e/cf/af/6ee47095fae832ac250ee465273ce7b0.jpg
82875023,69000,https://salt.tikicdn.com/cache/w300/ts/product/25/b9/85/13c3a7c5a5dfb21d361939245ac9efb2.jpg
1921261,343000,https://salt.tikicdn.com/cache/w300/ts/product/00/bb/17/ccaf4ed974f40b9262617ee9bd50323d.jpg
84532478,59000,https://salt.tikicdn.com/cache/w300/ts/product/4a/50/b4/1f4ce53a1417999e28956d7fb034baf8.jpg
82880654,59000,https://salt.tikicdn.com/cache/w300/ts/product/19/0a/53/031be0dce9fa6324bb01a48f600e19d9.jpg
82865098,69000,https://salt.tikicdn.com/cache/w300/ts/product/12/66/83/1d84db707c8b5a55a15209339c217cb1.jpg
73854763,383000,https://salt.tikicdn.com/cache/w300/ts/product/9b/c2/56/e4bc12173b8a473d73e6e8a24308d60e.jpg
25693957,89000,https://salt.tikicdn.com/cache/w300/ts/product/31/84/b0/ff53af414b7a22b14ccd6e8bada34b66.jpg
87642260,383000,https://salt.tikicdn.com/cache/w300/ts/product/9e/3b/9f/7079026c1aede2c75d5466d183b14758.jpg
84544002,59000,https://salt.tikicdn.com/cache/w300/ts/product/6f/a0/2a/6aace4f6b53ff8a8d809cbc195fadf90.jpg
83832124,89000,https://salt.tikicdn.com/cache/w300/ts/product/4e/6d/e3/49e1984d7ca988eeb0a443e28898b889.jpg
182100187,259000,https://salt.tikicdn.com/cache/w300/ts/product/eb/87/a4/b8663a971081171cb9150b42e3173369.jpg
97685241,69000,https://salt.tikicdn.com/cache/w300/ts/product/b2/a4/c0/93801336ccc411ee54dc055badc28189.jpg
198800083,89000,https://salt.tikicdn.com/cache/w300/ts/product/1c/1c/fe/a7f553cd68ade7c1d0ebb477df30ce40.jpg
97755383,89000,https://salt.tikicdn.com/cache/w300/ts/product/76/3f/1c/bf7877f5691333a04e0e5db707cd8cb9.jpg
74820156,109000,https://salt.tikicdn.com/cache/w300/ts/product/94/52/ba/aca2fa945a35a5c62bd9dd98d1da71f7.jpg
72938253,125000,https://salt.tikicdn.com/cache/w300/ts/product/d4/b7/60/04d2367600d374c72a0999ebeb92bf58.jpg
51046746,167000,https://salt.tikicdn.com/cache/w300/ts/product/6b/2b/bb/9707dfeb5118580a74b801e098e15fd4.jpg
97705793,89000,https://salt.tikicdn.com/cache/w300/ts/product/77/ee/5d/cebccac8afd05956f82b8c3d3d427ba8.jpg
72938904,104000,https://salt.tikicdn.com/cache/w300/ts/product/e4/99/50/9f7fc478ab5793a632bb7f2ab7ff3f52.jpg
95312684,20000,https://salt.tikicdn.com/cache/w300/ts/product/e1/80/e1/88dd90d8da45ca9618eab24c22528557.PNG
56625449,134000,https://salt.tikicdn.com/cache/w300/ts/product/a0/6d/c3/1a5d922ab2e9d924c4699dd68035c815.jpg
56417456,40000,https://salt.tikicdn.com/cache/w300/ts/product/02/8f/34/496f193ab5a6a30136d02a140f2f0b5d.jpg
59205406,110000,https://salt.tikicdn.com/cache/w300/ts/product/17/68/fe/ef9d4d1a13c60d4cd40d62400a316e90.jpg
10647089,133000,https://salt.tikicdn.com/cache/w300/ts/product/40/bb/63/5c9647ee540d31be5f5d34a2b8d7d6d7.jpg
74421501,96000,https://salt.tikicdn.com/cache/w300/ts/product/1b/50/fd/b8ff2ba40795c4445003f5a62532232c.jpg
134826056,83000,https://salt.tikicdn.com/cache/w300/ts/product/7c/91/4c/89695096c1135a36772d76a533a50ea6.jpg
35729028,249000,https://salt.tikicdn.com/cache/w300/ts/product/f4/a9/9a/1d4edfd9a534623f04913b94658b63b6.jpg
104513596,274680,https://salt.tikicdn.com/cache/w300/ts/product/d5/f9/0b/7eaefcdf5ed1547d2ee18cc411f359d1.jpg
79928363,152250,https://salt.tikicdn.com/cache/w300/ts/product/a5/91/c2/b6a789c8d554d9007c9a914138f92358.jpg
87670924,232050,https://salt.tikicdn.com/cache/w300/ts/product/f1/b7/dc/c3cab5c620d0f06dbfbad9a7ac803bb4.jpg
13862233,275000,https://salt.tikicdn.com/cache/w300/ts/product/c8/9d/57/b6c85d4e99449fd15f4bf1d8aa4f966e.jpg
9982241,275000,https://salt.tikicdn.com/cache/w300/ts/product/ba/fe/69/bbf3a097eeae2ad3292bf1809445fd59.jpg
33610039,285000,https://salt.tikicdn.com/cache/w300/ts/product/bf/ec/72/f832c4f5a9002732f5bee220411caa94.jpg
13894753,265000,https://salt.tikicdn.com/cache/w300/ts/product/45/48/1a/4f3db659c2cd822af4a418c6e78e65c4.jpg
13893263,275000,https://salt.tikicdn.com/cache/w300/ts/product/28/c1/1f/f4abb3e5b27a845cda06ff3041925602.jpg
25975275,281000,https://salt.tikicdn.com/cache/w300/ts/product/bf/24/6b/1d70b588f2be2cf704b315b26c8372ef.jpg
63039768,195000,https://salt.tikicdn.com/cache/w300/ts/product/62/74/2a/2ab61523a5684de2dc82efedf8d57b1c.jpg
31688872,185000,https://salt.tikicdn.com/cache/w300/ts/product/a4/4c/6c/bae7dca89c3b130e98f02b3d9febd82a.jpg
58686358,149000,https://salt.tikicdn.com/cache/w300/ts/product/0b/0e/69/f4d4951ca77e778755dbede371e0f4fb.jpg
47117757,149000,https://salt.tikicdn.com/cache/w300/ts/product/a8/48/c5/1167eb92ebf9fc650aae5ad485433b9b.jpg
36061260,136300,https://salt.tikicdn.com/cache/w300/ts/product/03/c6/9f/ca54c674f3fbb9c367f6082da9c4925b.png
8068749,180000,https://salt.tikicdn.com/cache/w300/ts/product/47/40/b7/608357c28711930d18535c9ca00ea7b6.jpg
73496530,169000,https://salt.tikicdn.com/cache/w300/ts/product/38/5c/c9/6b7bcaf268bb9414ea062d7ac9fd1fe9.jpg
44043834,169000,https://salt.tikicdn.com/cache/w300/ts/product/75/cb/6e/0425f0439be6434b0aa1465f2beeaf63.jpg
133893067,209000,https://salt.tikicdn.com/cache/w300/ts/product/8c/08/c9/28c1f467ae0d0acea3ac751f617980b4.jpg
35976449,145000,https://salt.tikicdn.com/cache/w300/ts/product/7d/4a/06/32b36cc4afaa9b2a92d182a323f00e8c.png
6421627,199000,https://salt.tikicdn.com/cache/w300/ts/product/07/f6/9d/864360f063bb90980d6c5e2b7ff6e789.jpg
40871899,144690,https://salt.tikicdn.com/cache/w300/ts/product/5a/a6/59/120821cb6cbb441c6069fbf272abeffc.png
39838727,135590,https://salt.tikicdn.com/cache/w300/ts/product/a9/a3/19/e9e6f981938e90907a4806ac4ee4100b.png
113242314,125000,https://salt.tikicdn.com/cache/w300/ts/product/98/61/79/c0c58bf27cbf5921834ccc8573265903.jpg
103875236,155000,https://salt.tikicdn.com/cache/w300/ts/product/58/f6/8e/950b6b07f25f6eb2af29ff3b490bc91a.jpg
109638449,172000,https://salt.tikicdn.com/cache/w300/ts/product/5b/66/83/8dbd958a32e95260d8cfa0a2e9dd9259.jpg
113671590,125000,https://salt.tikicdn.com/cache/w300/ts/product/2e/1c/80/9d13cc5fc2760a697bd2ebee039d3735.jpg
97238349,65000,https://salt.tikicdn.com/cache/w300/ts/product/61/9f/81/950bcf1fc646dac5e4863eb4921cdec5.jpg
93046821,62000,https://salt.tikicdn.com/cache/w300/ts/product/c0/6c/6a/b22c81ac00e1cca65f52ea60eeda90c1.jpg
111874366,70000,https://salt.tikicdn.com/cache/w300/ts/product/ba/1b/0e/6a4967672806c8ca2f7e1de46c169a3f.jpg
104908548,69000,https://salt.tikicdn.com/cache/w300/ts/product/5a/57/db/7b979fac80ee794d801fc97f25bd6a03.jpg
141260539,79000,https://salt.tikicdn.com/cache/w300/ts/product/60/52/46/4547f71d2d7b4faf154c4af175be60f2.jpg
104907966,155000,https://salt.tikicdn.com/cache/w300/ts/product/4c/89/d9/759b4249ac04bc90a708fd6a137ad19c.jpg
103875289,85000,https://salt.tikicdn.com/cache/w300/ts/product/b6/a9/11/d5f6972a751f54d3c5fe16243760c01f.jpg
115707331,87000,https://salt.tikicdn.com/cache/w300/ts/product/61/a9/a2/b90598a5349e177a23c355ea55d37843.jpg
93051018,89000,https://salt.tikicdn.com/cache/w300/ts/product/5c/36/c8/960ab4ac4a56eed9f9dde96266a5fd39.jpg
141546582,85000,https://salt.tikicdn.com/cache/w300/ts/product/73/04/b5/c439169da585b98c3b6a1c18a00b6d38.jpg
110696980,89000,https://salt.tikicdn.com/cache/w300/ts/product/30/63/2b/ba5784c2f23a40e52e4189309d880c74.jpg
138101973,85000,https://salt.tikicdn.com/cache/w300/ts/product/60/52/46/79aa1a46c896e2893a84e63d7cf40bd4.jpg
119335008,89000,https://salt.tikicdn.com/cache/w300/ts/product/7c/e7/6c/9e5668a7eed301c38f0ed8be125668c3.jpg
185920551,299000,https://salt.tikicdn.com/cache/w300/ts/product/ec/df/ca/9be4c24b5961140262c4ef1504b8491f.jpg
109594029,286200,https://salt.tikicdn.com/cache/w300/ts/product/f1/87/74/372789597f8e30891bb3a514b8d79120.jpg
95474110,137000,https://salt.tikicdn.com/cache/w300/ts/product/6a/99/99/4d7010169255a597f052103f4330aa2e.jpg
52670135,320000,https://salt.tikicdn.com/cache/w300/ts/product/24/6d/61/a054afae3188ae3e92516b1ebd33c863.jpg
52093685,238000,https://salt.tikicdn.com/cache/w300/ts/product/98/3a/76/ca373eb470d3e512684acd37f0d69316.jpg
58876906,149000,https://salt.tikicdn.com/cache/w300/ts/product/77/32/41/e5ae651e129ab87c23af006e0dbec782.jpg
151425630,80000,https://salt.tikicdn.com/cache/w300/ts/product/33/cd/be/0c270bcaada8f2a9e3ca0202daebf2fd.jpg
153492113,80000,https://salt.tikicdn.com/cache/w300/ts/product/33/cd/be/490a1c05c8e113075b753de5a6aabb72.jpg
145093889,79000,https://salt.tikicdn.com/cache/w300/ts/product/55/34/93/23e94a3c2e33b907ebc4b06e149ba61c.jpg
136091102,90000,https://salt.tikicdn.com/cache/w300/ts/product/33/cd/be/5c7f9817e3ed45e7bbfb1e17f5f14c22.jpg
147043717,85000,https://salt.tikicdn.com/cache/w300/ts/product/45/ac/c4/176cbcfed601f7da3a3c94dbc71025a9.jpg
141562440,105000,https://salt.tikicdn.com/cache/w300/ts/product/3e/c3/12/93d11c690f8b980e3d360e900b61f5f8.jpg
141529954,125000,https://salt.tikicdn.com/cache/w300/ts/product/5d/df/bd/fd85866d89ac150a7f2884df5dd7a2c5.jpg
113332193,80000,https://salt.tikicdn.com/cache/w300/ts/product/9b/f9/66/f9bccef2eddc825cf43c28271d3c565b.jpg
112073124,75000,https://salt.tikicdn.com/cache/w300/ts/product/9b/8d/75/66868c7ccef8ef3b1407e6f6db625153.jpg
105619777,89000,https://salt.tikicdn.com/cache/w300/ts/product/be/a7/9e/4d2e3f3a4d25826fbea51fc6dc2c53f1.jpg
58327731,179000,https://salt.tikicdn.com/cache/w300/ts/product/c8/20/65/94ea22496e93dffc18622da964c2dcb3.jpg
51407838,298900,https://salt.tikicdn.com/cache/w300/ts/product/f8/83/dc/206b9eb9ef5d0b0b0050b9f92ebb827b.jpg
147004119,89000,https://salt.tikicdn.com/cache/w300/ts/product/45/ac/c4/093cae26da070e4a2b53461f268e948d.jpg
147003905,85000,https://salt.tikicdn.com/cache/w300/ts/product/ff/6c/8b/7f3b519f87c07085b14655f8dd7ea0dd.jpg
141260416,89000,https://salt.tikicdn.com/cache/w300/ts/product/bc/b6/60/95450b47a557d9611f175421bc23c90e.jpg
115708252,79000,https://salt.tikicdn.com/cache/w300/ts/product/87/47/e5/36a89271507fb61383fa2716f026c56a.jpg
93060435,85000,https://salt.tikicdn.com/cache/w300/ts/product/10/7c/65/805da0324e9dc914f83aa5f94c33b9f9.jpg
17046982,299000,https://salt.tikicdn.com/cache/w300/ts/product/58/54/85/d4ab1c3a0ce4534feee5b05d888a34e9.jpg
115832745,77000,https://salt.tikicdn.com/cache/w300/ts/product/bc/33/71/cc4c4cc9f06baa6bfedcf06bc80d5484.jpg
113933468,89000,https://salt.tikicdn.com/cache/w300/ts/product/d4/dc/4a/f5156669d820ea63bb9990b4cd94261a.jpg
138139181,125000,https://salt.tikicdn.com/cache/w300/ts/product/18/de/57/43d5cbc77566811dec89cf41ed534ec1.jpg
115905382,85000,https://salt.tikicdn.com/cache/w300/ts/product/bc/33/71/5ae3a8eadc0bd8db1837cac66af7c3e8.jpg
105616492,89000,https://salt.tikicdn.com/cache/w300/ts/product/3f/ab/5e/3b747237318a9fbaa51380e126015935.jpg
118035480,79000,https://salt.tikicdn.com/cache/w300/ts/product/bc/33/71/13f8e97913fdd98bd9c82ce8e5da9de6.jpg
113339565,78000,https://salt.tikicdn.com/cache/w300/ts/product/df/ce/21/a5024f9e367efba273fe0e242efd0839.jpg
108506730,89000,https://salt.tikicdn.com/cache/w300/ts/product/6d/b4/5b/3b9cc55d743464de763a1f07c7906589.jpg
14948568,198000,https://salt.tikicdn.com/cache/w300/ts/product/e2/8b/59/4983ef38bfc749db71b0eaefdc188b9a.jpg
141581670,105000,https://salt.tikicdn.com/cache/w300/ts/product/96/ab/bd/19b47935833f1d076fa45941d30c6b7c.jpg
141096137,95000,https://salt.tikicdn.com/cache/w300/ts/product/03/ea/97/a1a066f92489d7c90852a47589d1c0b1.jpg
141260490,120000,https://salt.tikicdn.com/cache/w300/ts/product/18/de/57/4fbacefad49a61abc968e5eb324601c9.jpg
141096009,95000,https://salt.tikicdn.com/cache/w300/ts/product/28/e3/ce/3faf2e54dff05be92749a69f0c85e8ab.jpg
105781949,125000,https://salt.tikicdn.com/cache/w300/ts/product/5d/df/bd/7c55ce17ce75d929622040202d7c377e.jpg
114287100,79000,https://salt.tikicdn.com/cache/w300/ts/product/9b/8d/75/e8857ebe00d60061fc90afd63d60d792.jpg
115907058,85000,https://salt.tikicdn.com/cache/w300/ts/product/46/f6/bd/2954a1e7fd73a179666085b28c11ec9f.jpg
93044590,72000,https://salt.tikicdn.com/cache/w300/ts/product/c7/97/bd/90266e3e229b2bc86b2b2e55649fe19c.jpg
270147525,249000,https://salt.tikicdn.com/cache/w300/ts/product/60/81/c3/216278aa465b9a9249f077fa6693c8df.jpg
91058088,427999,https://salt.tikicdn.com/cache/w300/ts/product/f3/53/20/732061b2d5cfe715f552fe30cd37a216.jpg
132138506,25000,https://salt.tikicdn.com/cache/w300/ts/product/1e/ed/e7/25d3d775bd5b6d3e918121f3dd2c76c6.jpg
132126951,49000,https://salt.tikicdn.com/cache/w300/ts/product/a9/47/b9/aeb6363107060d52a24e71fbdbdc0dd1.jpg
132129011,49000,https://salt.tikicdn.com/cache/w300/ts/product/99/53/ac/9e007730a0f6511f62785f9270faf21a.jpg
132128575,99000,https://salt.tikicdn.com/cache/w300/ts/product/53/7b/a1/2b53ca63177b3bc5cc54b6e9662447a5.png
132140083,99000,https://salt.tikicdn.com/cache/w300/ts/product/65/87/46/1f02f374aeb1d0838b422471e2f48741.png
102864456,66000,https://salt.tikicdn.com/cache/w300/ts/product/6c/b0/a9/6fa9d594f8f9e0ef5b11918aaa707147.jpg
93052232,69000,https://salt.tikicdn.com/cache/w300/ts/product/3e/29/c0/b80a1ccbd09199afa9ebcf751855c60a.jpg
93044531,75000,https://salt.tikicdn.com/cache/w300/ts/product/1f/23/85/3e0b1c368ca47976badd5fd53a8e21bd.jpg
85751996,165000,https://salt.tikicdn.com/cache/w300/ts/product/fb/e6/52/67578657f8630ab5de99e3406be8d141.jpg
56029270,115000,https://salt.tikicdn.com/cache/w300/ts/product/62/3c/80/b424fc33c6868218de8c898df486e609.jpg
86967442,159000,https://salt.tikicdn.com/cache/w300/ts/product/4d/5a/19/0515bae82b26c86c3142afa04e32fd00.jpg
22157787,159000,https://salt.tikicdn.com/cache/w300/ts/product/dd/5e/c7/2d79f85e55ae03a85471386272470595.jpg
146957711,550000,https://salt.tikicdn.com/cache/w300/ts/product/29/7b/b2/85a0e0f89af12466bfbf405ba757ca13.jpg
42712220,550000,https://salt.tikicdn.com/cache/w300/ts/product/4d/62/cb/71f753c8ea4f689b7adbbb5c40c1039d.jpg
181247581,232750,https://salt.tikicdn.com/cache/w300/ts/product/6a/7c/1c/edfba5b8e12500e060e13f9f4abedf89.jpg
109244017,69000,https://salt.tikicdn.com/cache/w300/ts/product/1a/ae/6a/aa017008d19518bdce9d786d4e6d3f1f.jpg
106375446,69000,https://salt.tikicdn.com/cache/w300/ts/product/18/6f/3b/e2adbddca44d8f1bd98f39cea38a1086.jpg
141585671,79000,https://salt.tikicdn.com/cache/w300/ts/product/3e/e2/65/f7b80d19a015682032605d13cf8ef881.jpg
134381011,151000,https://salt.tikicdn.com/cache/w300/ts/product/f6/b3/83/553152e63abcb1571869fd6cdda2462c.jpg
116575084,69000,https://salt.tikicdn.com/cache/w300/ts/product/28/1c/9f/fef8b4b36eefabe8c928658f0aa0155c.jpg
110872343,65000,https://salt.tikicdn.com/cache/w300/ts/product/b9/87/72/58c4f58dc0d6bdff2ff55aa6a0e27a18.jpg
110868416,52000,https://salt.tikicdn.com/cache/w300/ts/product/b3/c3/0d/37b91eb4b5d425022d9097d0080893fc.jpg
110585936,82000,https://salt.tikicdn.com/cache/w300/ts/product/3b/76/16/769aba776c9ec79a3e456af6f2fa32b0.jpg
108509450,75000,https://salt.tikicdn.com/cache/w300/ts/product/ef/ef/fc/7f0441b9b6249a170e4b0428a6da09fc.jpg
108503761,99000,https://salt.tikicdn.com/cache/w300/ts/product/55/ff/b9/1ae684c006dfbde2b179332f8546ffaa.jpg
107352272,69000,https://salt.tikicdn.com/cache/w300/ts/product/b9/87/72/101da0d7d4670d2103acb5cd1c0b7128.jpg
106457270,85000,https://salt.tikicdn.com/cache/w300/ts/product/88/05/5a/3a4e321361753fddf31a021bc6f9c978.jpg
103498666,69000,https://salt.tikicdn.com/cache/w300/ts/product/28/1c/9f/b385410b2bda4db7905b79ce022239e7.jpg
93313414,89000,https://salt.tikicdn.com/cache/w300/ts/product/76/59/c7/78334ec70a898025b4f1739f037f64b1.jpg
134380840,155000,https://salt.tikicdn.com/cache/w300/ts/product/b0/5e/23/b2081cd440f460969c2ad94039b20fb9.jpg
126040522,139000,https://salt.tikicdn.com/cache/w300/ts/product/b6/2e/d8/fc7493eaac83fb79edb41af56d87496a.jpg
108918296,88000,https://salt.tikicdn.com/cache/w300/ts/product/72/78/e9/5393ce1c7dff74a00e4787e02ff22806.jpg
107124545,60000,https://salt.tikicdn.com/cache/w300/ts/product/28/f4/29/a2ae751f17581a5deab3af3257461f0c.jpg
106108147,111800,https://salt.tikicdn.com/cache/w300/ts/product/fe/ab/03/7b53789886caeb1db0aa9aa53de47ffb.jpg
110581106,85000,https://salt.tikicdn.com/cache/w300/ts/product/54/16/02/99fb8d4b6aeba19d0500eef7f1041e1e.jpg
103526049,65000,https://salt.tikicdn.com/cache/w300/ts/product/28/f4/29/46758c6945d22b250a2c452c0a3e1d82.jpg
95049236,149000,https://salt.tikicdn.com/cache/w300/ts/product/54/16/02/5723026b367d4cf77a67357b37e527e8.jpg
198352364,39000,https://salt.tikicdn.com/cache/w300/ts/product/db/a5/7f/92203f980cc7884c3b5f29884bea42b1.jpg
127368560,49000,https://salt.tikicdn.com/cache/w300/ts/product/d7/a6/5a/ac75c610c696f8e4b53cc1d6ae8ea526.jpg
119262614,50000,https://salt.tikicdn.com/cache/w300/ts/product/f3/6c/ce/7980cc4c27eaf3d40b657d50d0a342af.jpg
116574971,65000,https://salt.tikicdn.com/cache/w300/ts/product/31/1b/85/9a9d883e6d8cbf8f0fcdbea51577a6f3.jpg
116574865,49000,https://salt.tikicdn.com/cache/w300/ts/product/a1/ad/21/d24a39435a8c2c44540394c47592f060.jpg
114846071,69000,https://salt.tikicdn.com/cache/w300/ts/product/c1/5e/19/493f5689508667745d19a4683c165e20.jpg
108401336,69000,https://salt.tikicdn.com/cache/w300/ts/product/61/e6/2b/f2a37944dd9cf37209648b25c9b98e94.jpg
106754313,45000,https://salt.tikicdn.com/cache/w300/ts/product/c1/c2/7c/ff510bc5a13147b47dd9d3cf2b0d828e.jpg
94081677,70000,https://salt.tikicdn.com/cache/w300/ts/product/47/b9/9a/8524fb5d362e6aa7b1d71262fc664686.jpg
91314380,85000,https://salt.tikicdn.com/cache/w300/ts/product/54/16/02/e6990e6598bfb7e4d0e5898c1f5a913e.jpg
70816541,135000,https://salt.tikicdn.com/cache/w300/ts/product/82/6a/35/e1f0f60096afd01d99bbcc3c7225aef3.jpg
69175339,125000,https://salt.tikicdn.com/cache/w300/ts/product/d7/7a/a0/81647b70a8a090f82dedcd7b39348ee9.jpg
154135275,49000,https://salt.tikicdn.com/cache/w300/ts/product/05/c4/aa/a70ba05094091c4f0e35a16a09fb3a9d.jpg
117400537,45000,https://salt.tikicdn.com/cache/w300/ts/product/d7/a6/5a/130c8361016fce3869217f382428f1a2.jpg
108423829,70000,https://salt.tikicdn.com/cache/w300/ts/product/53/d0/32/6163b69451520441b0785b7296d8dfe6.jpg
107123520,53000,https://salt.tikicdn.com/cache/w300/ts/product/52/7c/71/35b033024f4cfd5bd3762953bae5b31f.jpg
105793855,44000,https://salt.tikicdn.com/cache/w300/ts/product/a1/ad/21/9e0709063250dcaa94c9a0f60936ead3.jpg
103875214,78000,https://salt.tikicdn.com/cache/w300/ts/product/22/74/1e/b455a14fbed5a5840e03961501cc81c5.jpg
103875092,50000,https://salt.tikicdn.com/cache/w300/ts/product/5c/9e/b4/ce0b9e8bb44c32e40de43c4bdaf8644c.jpg
103508187,44000,https://salt.tikicdn.com/cache/w300/ts/product/4b/c4/06/95111413c8e6abb05306d5ff71f04d3c.jpg
68978839,104000,https://salt.tikicdn.com/cache/w300/ts/product/13/63/36/01dfcdc99d001cd56cf9377c32e99b50.jpg
67279949,43000,https://salt.tikicdn.com/cache/w300/ts/product/f0/3e/f5/c7a08ebc8be9ed1a4f0967b6554002d2.jpg
173206437,229000,https://salt.tikicdn.com/cache/w300/ts/product/08/f5/8b/b31adc7e17dad94f07b6221517345c63.jpg
167446033,319000,https://salt.tikicdn.com/cache/w300/ts/product/af/68/00/8e145c1b0a867ad8bb11080c51afd5c1.jpg
128276501,189000,https://salt.tikicdn.com/cache/w300/ts/product/66/af/6b/0128075b6d62ee170f173c647d452a1d.JPG
117927674,80000,https://salt.tikicdn.com/cache/w300/ts/product/b7/c7/dd/ef0e9f2cafef931797f8005e9e0d36bc.jpg
116577315,65000,https://salt.tikicdn.com/cache/w300/ts/product/06/64/83/a142313628c8ce483a80f3205bf1ed81.jpg
116244653,89000,https://salt.tikicdn.com/cache/w300/ts/product/98/be/18/4889203bc3afe3351349a7c34375919f.jpg
116202014,82000,https://salt.tikicdn.com/cache/w300/ts/product/b7/c7/dd/faac5a73f016ba96397b1b824cb910f8.jpg
114847614,69000,https://salt.tikicdn.com/cache/w300/ts/product/47/41/87/7ec42803fb38d32a51431526684b39ee.jpg
108507753,75000,https://salt.tikicdn.com/cache/w300/ts/product/1a/8f/25/7dbc8463d35e241889c9b6d9471ffb39.jpg
108062479,59000,https://salt.tikicdn.com/cache/w300/ts/product/d7/fa/b2/ace9741a641b00146b3d8d6adac5b995.jpg
103492098,115000,https://salt.tikicdn.com/cache/w300/ts/product/7a/4f/b5/c36451481949d0cc4ccd968aceee4e86.jpg
103481068,115000,https://salt.tikicdn.com/cache/w300/ts/product/8a/26/33/18d2d334d2963753d0ae43805b01f515.jpg
103431559,85000,https://salt.tikicdn.com/cache/w300/ts/product/03/2d/65/34cb65da8be72a106322ee8c710d60f9.jpg
103407058,85000,https://salt.tikicdn.com/cache/w300/ts/product/37/f3/58/fcf9e00bd0869e2510ff4e4a16359a50.jpg
85399288,86000,https://salt.tikicdn.com/cache/w300/ts/product/06/d9/1f/ba416dc215a996dc53a320e8e023594d.jpeg
85392984,85000,https://salt.tikicdn.com/cache/w300/ts/product/d5/d3/2a/d818a8f0af78fe2a48691461718a9e98.jpg
10576055,239000,https://salt.tikicdn.com/cache/w300/ts/product/94/c8/a8/573d81201940ceb4c1d70634515021e0.jpg
119068419,144000,https://salt.tikicdn.com/cache/w300/ts/product/7a/93/2c/65665a447eac6359366322fc80ad5624.jpg
68197078,89000,https://salt.tikicdn.com/cache/w300/ts/product/b7/45/73/e3c4338a3034a46cc81a54ff9181e623.jpg
169307799,195000,https://salt.tikicdn.com/cache/w300/ts/product/78/88/1e/9952a2be6c25bbc2df579c3a6dbc824e.jpg
108896350,80000,https://salt.tikicdn.com/cache/w300/ts/product/b7/c7/dd/dbc6919f8333128ab8ca062c7eca2b26.jpg
85799874,166000,https://salt.tikicdn.com/cache/w300/ts/product/34/d6/b4/fc61d5f003d59c610d21f9e1bc2df593.jpg
106006805,82000,https://salt.tikicdn.com/cache/w300/ts/product/6c/0e/89/e4b45d03282122ff11a3e2c63d67f1d5.jpg
93048719,134000,https://salt.tikicdn.com/cache/w300/ts/product/ba/f4/a1/9b1481b739bfe3e19979d756f5a3f7f9.jpg
28390948,179000,https://salt.tikicdn.com/cache/w300/ts/product/a3/ff/09/28ce733afc05b3a0c454427d2cdffdf4.jpg
14788639,199000,https://salt.tikicdn.com/cache/w300/ts/product/00/37/69/c718db7d44a7bf07774026999a41385f.jpg
6495675,123500,https://salt.tikicdn.com/cache/w300/ts/product/c7/28/a8/a77efa7adacd45a071b54349114f8652.jpg
99219054,229000,https://salt.tikicdn.com/cache/w300/ts/product/b3/ab/40/aa1c0070724d9c11854d1e8cc393242b.jpg
113543251,179000,https://salt.tikicdn.com/cache/w300/ts/product/89/ae/11/9e2449b8cd27ac1a8552fa20b3111c1d.jpg
77965321,169000,https://salt.tikicdn.com/cache/w300/ts/product/0f/2e/62/fe14f85024e58f7e0d31d2251fe052d1.jpg
73515769,300000,https://salt.tikicdn.com/cache/w300/ts/product/ae/bb/18/3088742186883a56912442795ae8dcd5.jpg
